<keymap version="1" name="macOS copy" parent="Mac OS X 10.5+">
  <action id="$Copy">
    <keyboard-shortcut first-keystroke="meta c" />
    <keyboard-shortcut first-keystroke="ctrl c" />
  </action>
  <action id="$Cut">
    <keyboard-shortcut first-keystroke="meta x" />
    <keyboard-shortcut first-keystroke="shift delete" />
    <keyboard-shortcut first-keystroke="ctrl x" />
  </action>
  <action id="$Paste">
    <keyboard-shortcut first-keystroke="meta v" />
    <keyboard-shortcut first-keystroke="ctrl v" />
  </action>
  <action id="$Redo">
    <keyboard-shortcut first-keystroke="shift meta z" />
    <keyboard-shortcut first-keystroke="shift alt back_space" />
    <keyboard-shortcut first-keystroke="shift ctrl z" />
  </action>
  <action id="$SelectAll">
    <keyboard-shortcut first-keystroke="meta a" />
    <keyboard-shortcut first-keystroke="ctrl a" />
  </action>
  <action id="$Undo">
    <keyboard-shortcut first-keystroke="meta z" />
    <keyboard-shortcut first-keystroke="ctrl z" />
  </action>
  <action id="ChooseDebugConfiguration" />
  <action id="ChooseRunConfiguration" />
  <action id="Debug" />
  <action id="Editor Copy">
    <keyboard-shortcut first-keystroke="ctrl c" />
  </action>
  <action id="Editor Cut">
    <keyboard-shortcut first-keystroke="ctrl x" />
  </action>
  <action id="Editor Paste">
    <keyboard-shortcut first-keystroke="ctrl v" />
  </action>
  <action id="Editor Redo">
    <keyboard-shortcut first-keystroke="shift ctrl z" />
  </action>
  <action id="Editor SelectAll">
    <keyboard-shortcut first-keystroke="ctrl a" />
  </action>
  <action id="Editor Undo">
    <keyboard-shortcut first-keystroke="ctrl z" />
  </action>
  <action id="EditorLineStart">
    <keyboard-shortcut first-keystroke="home" />
    <keyboard-shortcut first-keystroke="meta left" />
  </action>
  <action id="EditorRight">
    <keyboard-shortcut first-keystroke="right" />
  </action>
  <action id="Find">
    <keyboard-shortcut first-keystroke="meta f" />
    <keyboard-shortcut first-keystroke="ctrl f" />
  </action>
  <action id="FindInPath">
    <keyboard-shortcut first-keystroke="shift meta f" />
    <keyboard-shortcut first-keystroke="shift ctrl f" />
  </action>
  <action id="NavBar-selectHome">
    <keyboard-shortcut first-keystroke="home" />
    <keyboard-shortcut first-keystroke="meta left" />
  </action>
  <action id="Replace">
    <keyboard-shortcut first-keystroke="meta r" />
    <keyboard-shortcut first-keystroke="ctrl r" />
  </action>
  <action id="ReplaceInPath">
    <keyboard-shortcut first-keystroke="shift meta r" />
    <keyboard-shortcut first-keystroke="shift ctrl r" />
  </action>
  <action id="Run" />
  <action id="RunClass" />
  <action id="RunDashboard.Run" />
  <action id="TodoViewGroupByFlattenPackage" />
  <action id="UsageFiltering.ReadAccess" />
  <action id="Vcs.QuickListPopupAction" />
  <action id="XDebugger.AttachToProcess" />
  <action id="runShellFileAction" />
</keymap>